Date,"Cat"
2015-07-01,7675
2015-07-02,7650
2015-07-03,7438
2015-07-04,7177
2015-07-05,7586
2015-07-06,8410
2015-07-07,8211
2015-07-08,8019
2015-07-09,7997
2015-07-10,7501
2015-07-11,6765
2015-07-12,7681
2015-07-13,7841
2015-07-14,9087
2015-07-15,7533
2015-07-16,7495
2015-07-17,7158
2015-07-18,7009
2015-07-19,7608
2015-07-20,8164
2015-07-21,8009
2015-07-22,7787
2015-07-23,7708
2015-07-24,7467
2015-07-25,7247
2015-07-26,7644
2015-07-27,8366
2015-07-28,8691
2015-07-29,8780
2015-07-30,8447
2015-07-31,7993
2015-08-01,7601
2015-08-02,8149
2015-08-03,8032
2015-08-04,8981
2015-08-05,8438
2015-08-06,8386
2015-08-07,7939
2015-08-08,7848
2015-08-09,8598
2015-08-10,8521
2015-08-11,8417
2015-08-12,8347
2015-08-13,8488
2015-08-14,8613
2015-08-15,8071
2015-08-16,8520
2015-08-17,9311
2015-08-18,9337
2015-08-19,8885
2015-08-20,9515
2015-08-21,8560
2015-08-22,8115
2015-08-23,8866
2015-08-24,9646
2015-08-25,9274
2015-08-26,9608
2015-08-27,9276
2015-08-28,9782
2015-08-29,8514
2015-08-30,8736
2015-08-31,9270
2015-09-01,10216
2015-09-02,9700
2015-09-03,10548
2015-09-04,11439
2015-09-05,8522
2015-09-06,8955
2015-09-07,9811
2015-09-08,10392
2015-09-09,10164
2015-09-10,10305
2015-09-11,9679
2015-09-12,8519
2015-09-13,9212
2015-09-14,10204
2015-09-15,10576
2015-09-16,9891
2015-09-17,11260
2015-09-18,10038
2015-09-19,9109
2015-09-20,9378
2015-09-21,10447
2015-09-22,10715
2015-09-23,9839
2015-09-24,10015
2015-09-25,10079
2015-09-26,8737
2015-09-27,10886
2015-09-28,10870
2015-09-29,11280
2015-09-30,10500
2015-10-01,9045
2015-10-02,8960
2015-10-03,7772
2015-10-04,8520
2015-10-05,9668
2015-10-06,10154
2015-10-07,10073
2015-10-08,9867
2015-10-09,9069
2015-10-10,7869
2015-10-11,8705
2015-10-12,9655
2015-10-13,45550
2015-10-14,10170
2015-10-15,10253
2015-10-16,8899
2015-10-17,8269
2015-10-18,8934
2015-10-19,10197
2015-10-20,10139
2015-10-21,10078
2015-10-22,9333
2015-10-23,9216
2015-10-24,7815
2015-10-25,8643
2015-10-26,9814
2015-10-27,10263
2015-10-28,9880
2015-10-29,9886
2015-10-30,8559
2015-10-31,7220
2015-11-01,7992
2015-11-02,10038
2015-11-03,9728
2015-11-04,9873
2015-11-05,9855
2015-11-06,9028
2015-11-07,7964
2015-11-08,9119
2015-11-09,10813
2015-11-10,11247
2015-11-11,11285
2015-11-12,9815
2015-11-13,8711
2015-11-14,7478
2015-11-15,7995
2015-11-16,9799
2015-11-17,10215
2015-11-18,10213
2015-11-19,9827
2015-11-20,9355
2015-11-21,7848
2015-11-22,8939
2015-11-23,9599
2015-11-24,9859
2015-11-25,9355
2015-11-26,8306
2015-11-27,8479
2015-11-28,8275
2015-11-29,8804
2015-11-30,9805
2015-12-01,9934
2015-12-02,9941
2015-12-03,9739
2015-12-04,9583
2015-12-05,8331
2015-12-06,8795
2015-12-07,9715
2015-12-08,10039
2015-12-09,10084
2015-12-10,9365
2015-12-11,9130
2015-12-12,7924
2015-12-13,8323
2015-12-14,9886
2015-12-15,9283
2015-12-16,8963
2015-12-17,8672
2015-12-18,8078
2015-12-19,8318
2015-12-20,7839
2015-12-21,7390
2015-12-22,7369
2015-12-23,81579
2015-12-24,26227
2015-12-25,6744
2015-12-26,6964
2015-12-27,7212
2015-12-28,7786
2015-12-29,7657
2015-12-30,8146
2015-12-31,6932
2016-01-01,7077
2016-01-02,7987
2016-01-03,8317
2016-01-04,8820
2016-01-05,8935
2016-01-06,9124
2016-01-07,9289
2016-01-08,8813
2016-01-09,8092
2016-01-10,8704
2016-01-11,9103
2016-01-12,9408
2016-01-13,9464
2016-01-14,9288
2016-01-15,9302
2016-01-16,7852
2016-01-17,8661
2016-01-18,9003
2016-01-19,9731
2016-01-20,9862
2016-01-21,10561
2016-01-22,8974
2016-01-23,8479
2016-01-24,9814
2016-01-25,10314
2016-01-26,9611
2016-01-27,10850
2016-01-28,9474
2016-01-29,9109
2016-01-30,7494
2016-01-31,8635
2016-02-01,9543
2016-02-02,9342
2016-02-03,10408
2016-02-04,10030
2016-02-05,9229
2016-02-06,7670
2016-02-07,8186
2016-02-08,12299
2016-02-09,9568
2016-02-10,10009
2016-02-11,10449
2016-02-12,14479
2016-02-13,7549
2016-02-14,7790
2016-02-15,8957
2016-02-16,9250
2016-02-17,9840
2016-02-18,9636
2016-02-19,8966
2016-02-20,7614
2016-02-21,8318
2016-02-22,9567
2016-02-23,9837
2016-02-24,9648
2016-02-25,9350
2016-02-26,9074
2016-02-27,9007
2016-02-28,11584
2016-02-29,10167
2016-03-01,9628
2016-03-02,9523
2016-03-03,9387
2016-03-04,8715
2016-03-05,7563
2016-03-06,8168
2016-03-07,9111
2016-03-08,9550
2016-03-09,9354
2016-03-10,9080
2016-03-11,9171
2016-03-12,7426
2016-03-13,8129
2016-03-14,9426
2016-03-15,9360
2016-03-16,10115
2016-03-17,9392
2016-03-18,8717
2016-03-19,7418
2016-03-20,8077
2016-03-21,8900
2016-03-22,8811
2016-03-23,7975
2016-03-24,7557
2016-03-25,7307
2016-03-26,7021
2016-03-27,6982
2016-03-28,8584
2016-03-29,9162
2016-03-30,8673
2016-03-31,8424
2016-04-01,8388
2016-04-02,7456
2016-04-03,7584
2016-04-04,8600
2016-04-05,8963
2016-04-06,8866
2016-04-07,9054
2016-04-08,8180
2016-04-09,7019
2016-04-10,7995
2016-04-11,8718
2016-04-12,9212
2016-04-13,9559
2016-04-14,10260
2016-04-15,8092
2016-04-16,7132
2016-04-17,7349
2016-04-18,8739
2016-04-19,8694
2016-04-20,8800
2016-04-21,8344
2016-04-22,8205
2016-04-23,7154
2016-04-24,7466
2016-04-25,8668
2016-04-26,9200
2016-04-27,9470
2016-04-28,9183
2016-04-29,8024
2016-04-30,7051
2016-05-01,7645
2016-05-02,9131
2016-05-03,9582
2016-05-04,9243
2016-05-05,8507
2016-05-06,9777
2016-05-07,7100
2016-05-08,7571
2016-05-09,9128
2016-05-10,9670
2016-05-11,9341
2016-05-12,8965
2016-05-13,8745
2016-05-14,7318
2016-05-15,7993
2016-05-16,9514
2016-05-17,9280
2016-05-18,9228
2016-05-19,8734
2016-05-20,8782
2016-05-21,7416
2016-05-22,7698
2016-05-23,8503
2016-05-24,8958
2016-05-25,8897
2016-05-26,10462
2016-05-27,9434
2016-05-28,6734
2016-05-29,6885
2016-05-30,7625
2016-05-31,8029
2016-06-01,8716
2016-06-02,8054
2016-06-03,7322
2016-06-04,6814
2016-06-05,7871
2016-06-06,8088
2016-06-07,7805
2016-06-08,8389
2016-06-09,8031
2016-06-10,7260
2016-06-11,6415
2016-06-12,7135
2016-06-13,7553
2016-06-14,7893
2016-06-15,8553
2016-06-16,7597
2016-06-17,7321
2016-06-18,6722
2016-06-19,7139
2016-06-20,7843
2016-06-21,8522
2016-06-22,8102
2016-06-23,8460
2016-06-24,6806
2016-06-25,6331
2016-06-26,7601
2016-06-27,7717
2016-06-28,8429
2016-06-29,7382
2016-06-30,7205
2016-07-01,6760
2016-07-02,6424
2016-07-03,6755
2016-07-04,6844
2016-07-05,6693
2016-07-06,6891
2016-07-07,6962
2016-07-08,6361
2016-07-09,6326
2016-07-10,7291
2016-07-11,7373
2016-07-12,7197
2016-07-13,7137
2016-07-14,6806
2016-07-15,7076
2016-07-16,6040
2016-07-17,6851
2016-07-18,7117
2016-07-19,7264
2016-07-20,7020
2016-07-21,6994
2016-07-22,6117
2016-07-23,5858
2016-07-24,6676
2016-07-25,7137
2016-07-26,6961
2016-07-27,7117
2016-07-28,7120
2016-07-29,6825
2016-07-30,6674
2016-07-31,7322
2016-08-01,7202
2016-08-02,7457
2016-08-03,7263
2016-08-04,6924
2016-08-05,6554
2016-08-06,5856
2016-08-07,6413
2016-08-08,7271
2016-08-09,7138
2016-08-10,6750
2016-08-11,6877
2016-08-12,6419
2016-08-13,6183
2016-08-14,6418
2016-08-15,7470
2016-08-16,7961
2016-08-17,7041
2016-08-18,6941
2016-08-19,6445
2016-08-20,6831
2016-08-21,6731
2016-08-22,7198
2016-08-23,7260
2016-08-24,7707
2016-08-25,7494
2016-08-26,7251
2016-08-27,6316
2016-08-28,6853
2016-08-29,7662
2016-08-30,7750
2016-08-31,7725
2016-09-01,7626
2016-09-02,7043
2016-09-03,6273
2016-09-04,6373
2016-09-05,7093
2016-09-06,9158
2016-09-07,8213
2016-09-08,8022
2016-09-09,8407
2016-09-10,6569
2016-09-11,6895
2016-09-12,8004
2016-09-13,8274
2016-09-14,7952
2016-09-15,8479
2016-09-16,7480
2016-09-17,7829
2016-09-18,7228
2016-09-19,8035
2016-09-20,8289
2016-09-21,8852
2016-09-22,8552
2016-09-23,8259
2016-09-24,6481
2016-09-25,7308
2016-09-26,8478
2016-09-27,8418
2016-09-28,8785
2016-09-29,8787
2016-09-30,7854
2016-10-01,6716
2016-10-02,20264
2016-10-03,9107
2016-10-04,8904
2016-10-05,8146
2016-10-06,8298
2016-10-07,7519
2016-10-08,6747
2016-10-09,7636
2016-10-10,7876
2016-10-11,8360
2016-10-12,9153
2016-10-13,8827
2016-10-14,8729
2016-10-15,7001
2016-10-16,7551
2016-10-17,8768
2016-10-18,8959
2016-10-19,8618
2016-10-20,8741
2016-10-21,8416
2016-10-22,111903
2016-10-23,7672
2016-10-24,10111
2016-10-25,8796
2016-10-26,8754
2016-10-27,8519
2016-10-28,7959
2016-10-29,7284
2016-10-30,7449
2016-10-31,8153
2016-11-01,8348
2016-11-02,8894
2016-11-03,9272
2016-11-04,8487
2016-11-05,7383
2016-11-06,8264
2016-11-07,9119
2016-11-08,8428
2016-11-09,7738
2016-11-10,8621
2016-11-11,7656
2016-11-12,7221
2016-11-13,8143
2016-11-14,9855
2016-11-15,9696
2016-11-16,9083
2016-11-17,9142
2016-11-18,8416
2016-11-19,7201
2016-11-20,7822
2016-11-21,8555
2016-11-22,8134
2016-11-23,7933
2016-11-24,7952
2016-11-25,6810
2016-11-26,6802
2016-11-27,7306
2016-11-28,8675
2016-11-29,9336
2016-11-30,9062
2016-12-01,8778
2016-12-02,8409
2016-12-03,7092
2016-12-04,8417
2016-12-05,9336
2016-12-06,8692
2016-12-07,8914
2016-12-08,8527
2016-12-09,8753
2016-12-10,7022
2016-12-11,7431
2016-12-12,8023
2016-12-13,8360
2016-12-14,8009
2016-12-15,7495
2016-12-16,6891
2016-12-17,6077
2016-12-18,6848
2016-12-19,7442
2016-12-20,7571
2016-12-21,7074
2016-12-22,6700
2016-12-23,17384
2016-12-24,49942
2016-12-25,6656
2016-12-26,6951
2016-12-27,7170
2016-12-28,6837
2016-12-29,6914
2016-12-30,7337
2016-12-31,6329
2017-01-01,6333
2017-01-02,7564
2017-01-03,8053
2017-01-04,8113
2017-01-05,8119
2017-01-06,7498
2017-01-07,6677
2017-01-08,7319
2017-01-09,8476
2017-01-10,8547
2017-01-11,8292
2017-01-12,8606
2017-01-13,8190
2017-01-14,7235
2017-01-15,7305
2017-01-16,7833
2017-01-17,9160
2017-01-18,9554
2017-01-19,9485
2017-01-20,8089
2017-01-21,6263
2017-01-22,7172
2017-01-23,8122
2017-01-24,8239
2017-01-25,8532
2017-01-26,8731
2017-01-27,7818
2017-01-28,6390
2017-01-29,7003
2017-01-30,8263
2017-01-31,8342
2017-02-01,8553
2017-02-02,8547
2017-02-03,7591
2017-02-04,6808
2017-02-05,7316
2017-02-06,8058
2017-02-07,8468
2017-02-08,8833
2017-02-09,8402
2017-02-10,8821
2017-02-11,8421
2017-02-12,7423
2017-02-13,8282
2017-02-14,8347
2017-02-15,8885
2017-02-16,9104
2017-02-17,8207
2017-02-18,6830
2017-02-19,7324
2017-02-20,7732
2017-02-21,8809
2017-02-22,9044
2017-02-23,8794
2017-02-24,8081
2017-02-25,6670
2017-02-26,12718
2017-02-27,8815
2017-02-28,9009
2017-03-01,8748
2017-03-02,8983
2017-03-03,7763
2017-03-04,7037
2017-03-05,7560
2017-03-06,8717
2017-03-07,8784
2017-03-08,8677
2017-03-09,10612
2017-03-10,8598
2017-03-11,6548
2017-03-12,7353
2017-03-13,11867
2017-03-14,8977
2017-03-15,8646
2017-03-16,9614
2017-03-17,8022
2017-03-18,6711
2017-03-19,7276
2017-03-20,9121
2017-03-21,8845
2017-03-22,12238
2017-03-23,9621
2017-03-24,8221
2017-03-25,6645
2017-03-26,8058
2017-03-27,10205
2017-03-28,9052
2017-03-29,11418
2017-03-30,9407
2017-03-31,9333
2017-04-01,7481
2017-04-02,7044
2017-04-03,11895
2017-04-04,8847
2017-04-05,9122
2017-04-06,9248
2017-04-07,7998
2017-04-08,6736
2017-04-09,6687
2017-04-10,8517
2017-04-11,12665
2017-04-12,35913
2017-04-13,8290
2017-04-14,6178
2017-04-15,5960
2017-04-16,6121
2017-04-17,8265
2017-04-18,12535
2017-04-19,8607
2017-04-20,8212
2017-04-21,7145
2017-04-22,6525
2017-04-23,6407
2017-04-24,7698
2017-04-25,7871
2017-04-26,7678
2017-04-27,7705
2017-04-28,7503
2017-04-29,5823
2017-04-30,16212
2017-05-01,7333
2017-05-02,8934
2017-05-03,8021
2017-05-04,7803
2017-05-05,7251
2017-05-06,5820
2017-05-07,6262
2017-05-08,7297
2017-05-09,7401
2017-05-10,10560
2017-05-11,7299
2017-05-12,7272
2017-05-13,6292
2017-05-14,11869
2017-05-15,75455
2017-05-16,9485
2017-05-17,8530
2017-05-18,8148
2017-05-19,7354
2017-05-20,6347
2017-05-21,6400
2017-05-22,7442
2017-05-23,10611
2017-05-24,7481
2017-05-25,7086
2017-05-26,6694
2017-05-27,5564
2017-05-28,6329
2017-05-29,6786
2017-05-30,7595
2017-05-31,7123
2017-06-01,6874
2017-06-02,6426
2017-06-03,5661
2017-06-04,6011
2017-06-05,6640
2017-06-06,7670
2017-06-07,8514
2017-06-08,6774
2017-06-09,6821
2017-06-10,5980
2017-06-11,6362
2017-06-12,7991
2017-06-13,11502
2017-06-14,6972
2017-06-15,16947
2017-06-16,6339
2017-06-17,5781
2017-06-18,6048
2017-06-19,7567
2017-06-20,8695
2017-06-21,7650
2017-06-22,8018
2017-06-23,6284
2017-06-24,6877
2017-06-25,5889
2017-06-26,12098
2017-06-27,10176
2017-06-28,6452
2017-06-29,6145
2017-06-30,6014
2017-07-01,5718
2017-07-02,6506
2017-07-03,6306
2017-07-04,6128
2017-07-05,6453
2017-07-06,6891
2017-07-07,6093
2017-07-08,6144
2017-07-09,6941
2017-07-10,6889
2017-07-11,6827
2017-07-12,7259
2017-07-13,7027
2017-07-14,6292
2017-07-15,5995
2017-07-16,6503
2017-07-17,6989
2017-07-18,6805
2017-07-19,7048
2017-07-20,6935
2017-07-21,6552
2017-07-22,5891
2017-07-23,6382
2017-07-24,6558
2017-07-25,6377
2017-07-26,6435
2017-07-27,6242
2017-07-28,184813
2017-07-29,39450
2017-07-30,7186
2017-07-31,7138
2017-08-01,6955
2017-08-02,6819
2017-08-03,6926
2017-08-04,6583
2017-08-05,6069
2017-08-06,6168
2017-08-07,6743
2017-08-08,7026
2017-08-09,6924
2017-08-10,23279
2017-08-11,8395
2017-08-12,5999
2017-08-13,6275
2017-08-14,6672
2017-08-15,6435
2017-08-16,6800
2017-08-17,6666
2017-08-18,6515
2017-08-19,6164
2017-08-20,6657
2017-08-21,6486
2017-08-22,6711
2017-08-23,6763
2017-08-24,6344
2017-08-25,5953
2017-08-26,5685
2017-08-27,5715
2017-08-28,6606
2017-08-29,6693
2017-08-30,6768
2017-08-31,15867
2017-09-01,11103
2017-09-02,5997
2017-09-03,6198
2017-09-04,6705
2017-09-05,7115
2017-09-06,6856
2017-09-07,6950
2017-09-08,6569
2017-09-09,5990
2017-09-10,6222
2017-09-11,7331
2017-09-12,7328
2017-09-13,7410
2017-09-14,7702
2017-09-15,7437
2017-09-16,6181
2017-09-17,6663
2017-09-18,7552
2017-09-19,7519
2017-09-20,7476
2017-09-21,7055
2017-09-22,7124
2017-09-23,5725
2017-09-24,6788
2017-09-25,7339
2017-09-26,7048
2017-09-27,6868
2017-09-28,6983
2017-09-29,6323
2017-09-30,5636
2017-10-01,6324
2017-10-02,7070
2017-10-03,7580
2017-10-04,7013
2017-10-05,6930
2017-10-06,6384
2017-10-07,6092
2017-10-08,6414
2017-10-09,6913
2017-10-10,7388
2017-10-11,7285
2017-10-12,7233
2017-10-13,6451
2017-10-14,5943
2017-10-15,6345
2017-10-16,7135
2017-10-17,7126
2017-10-18,7107
2017-10-19,7592
2017-10-20,7040
2017-10-21,6250
2017-10-22,6907
2017-10-23,7784
2017-10-24,7548
2017-10-25,7391
2017-10-26,7311
2017-10-27,7053
2017-10-28,5890
2017-10-29,7062
2017-10-30,7436
2017-10-31,7027
2017-11-01,7450
2017-11-02,7482
2017-11-03,7351
2017-11-04,6773
2017-11-05,7289
2017-11-06,8410
2017-11-07,8426
2017-11-08,8161
2017-11-09,8229
2017-11-10,8369
2017-11-11,6538
2017-11-12,6807
2017-11-13,7532
2017-11-14,12797
2017-11-15,11242
2017-11-16,7738
2017-11-17,7583
2017-11-18,6556
2017-11-19,7395
2017-11-20,7836
2017-11-21,7523
2017-11-22,9331
2017-11-23,6873
2017-11-24,6118
2017-11-25,6193
2017-11-26,6721
2017-11-27,7174
2017-11-28,7379
2017-11-29,7274
2017-11-30,7268
2017-12-01,6841
2017-12-02,7092
2017-12-03,6486
2017-12-04,7080
2017-12-05,7326
2017-12-06,7214
2017-12-07,6988
2017-12-08,6192
2017-12-09,5700
2017-12-10,6107
2017-12-11,6884
2017-12-12,6924
2017-12-13,6652
2017-12-14,6394
2017-12-15,6506
2017-12-16,5674
2017-12-17,5898
2017-12-18,6545
2017-12-19,6367
2017-12-20,6228
2017-12-21,6252
2017-12-22,5438
2017-12-23,5102
2017-12-24,5215
2017-12-25,5283
2017-12-26,5600
2017-12-27,5656
2017-12-28,5928
2017-12-29,5756
2017-12-30,5513
2017-12-31,5676
2018-01-01,6018
2018-01-02,6216
2018-01-03,6486
2018-01-04,7557
2018-01-05,6385
2018-01-06,6304
2018-01-07,7103
2018-01-08,8209
2018-01-09,7735
2018-01-10,7822
2018-01-11,8385
2018-01-12,7919
2018-01-13,6311
2018-01-14,6785
2018-01-15,7200
2018-01-16,9011
2018-01-17,8421
2018-01-18,8376
2018-01-19,7569
2018-01-20,6793
2018-01-21,8206
2018-01-22,7902
2018-01-23,8238
2018-01-24,7679
2018-01-25,7705
2018-01-26,6952
2018-01-27,6254
2018-01-28,7126
2018-01-29,7873
2018-01-30,7856
2018-01-31,7901
2018-02-01,7565
2018-02-02,7078
2018-02-03,6296
2018-02-04,6817
2018-02-05,7794
2018-02-06,8134
2018-02-07,7963
2018-02-08,7323
2018-02-09,7114
2018-02-10,6102
2018-02-11,6643
2018-02-12,7598
2018-02-13,7720
2018-02-14,6906
2018-02-15,6990
2018-02-16,6582
2018-02-17,6152
2018-02-18,6598
2018-02-19,7068
2018-02-20,7489
2018-02-21,7618
2018-02-22,7616
2018-02-23,7276
2018-02-24,5975
2018-02-25,7142
2018-02-26,8078
2018-02-27,8168
2018-02-28,8079
2018-03-01,7579
2018-03-02,6989
2018-03-03,6216
2018-03-04,6961
2018-03-05,7803
2018-03-06,7976
2018-03-07,7800
2018-03-08,7726
2018-03-09,7502
2018-03-10,6357
2018-03-11,7252
2018-03-12,8174
2018-03-13,8266
2018-03-14,8001
2018-03-15,7801
2018-03-16,6917
2018-03-17,6117
2018-03-18,6783
2018-03-19,7958
2018-03-20,7535
2018-03-21,7858
2018-03-22,7797
2018-03-23,7122
2018-03-24,5864
2018-03-25,6465
2018-03-26,7056
2018-03-27,7507
2018-03-28,9050
2018-03-29,7352
2018-03-30,6561
2018-03-31,5961
2018-04-01,6288
2018-04-02,7076
2018-04-03,7368
2018-04-04,7198
2018-04-05,7498
2018-04-06,6757
2018-04-07,6076
2018-04-08,6527
2018-04-09,7651
2018-04-10,7432
2018-04-11,7494
2018-04-12,7626
2018-04-13,7457
2018-04-14,6595
2018-04-15,6721
2018-04-16,7777
2018-04-17,7667
2018-04-18,7434
2018-04-19,7329
2018-04-20,6926
2018-04-21,5581
2018-04-22,6396
2018-04-23,7712
2018-04-24,7420
2018-04-25,7867
2018-04-26,7171
2018-04-27,6769
2018-04-28,5639
2018-04-29,6032
2018-04-30,6900
2018-05-01,7125
2018-05-02,7086
2018-05-03,6764
2018-05-04,6440
2018-05-05,5390
2018-05-06,6123
2018-05-07,6793
2018-05-08,6860
2018-05-09,7027
2018-05-10,7211
2018-05-11,6560
2018-05-12,5366
2018-05-13,6176
2018-05-14,7061
2018-05-15,7132
2018-05-16,7473
2018-05-17,7542
2018-05-18,6434
2018-05-19,5554
2018-05-20,6126
2018-05-21,7396
2018-05-22,7694
2018-05-23,7330
2018-05-24,7055
2018-05-25,6588
2018-05-26,5630
2018-05-27,6080
2018-05-28,6694
2018-05-29,6872
2018-05-30,6751
2018-05-31,6575
2018-06-01,6189
2018-06-02,5831
2018-06-03,6434
2018-06-04,7121
2018-06-05,7439
2018-06-06,7090
2018-06-07,6768
2018-06-08,6370
2018-06-09,5717
2018-06-10,6869
2018-06-11,6615
2018-06-12,7112
2018-06-13,7853
2018-06-14,6128
2018-06-15,5707
2018-06-16,5553
2018-06-17,6093
2018-06-18,6492
2018-06-19,6231
2018-06-20,6436
2018-06-21,6142
2018-06-22,5641
2018-06-23,5952
2018-06-24,5982
2018-06-25,6793
2018-06-26,6492
2018-06-27,6145
2018-06-28,6243
2018-06-29,5769
2018-06-30,5453
2018-07-01,6008
2018-07-02,6391
2018-07-03,6126
2018-07-04,6132
2018-07-05,6258
2018-07-06,5964
2018-07-07,5949
2018-07-08,6217
2018-07-09,6587
2018-07-10,6424
2018-07-11,6167
2018-07-12,6031
2018-07-13,5782
2018-07-14,5709
2018-07-15,6170
2018-07-16,6295
2018-07-17,6353
2018-07-18,6207
2018-07-19,6201
2018-07-20,5796
2018-07-21,5665
2018-07-22,6439
2018-07-23,6623
2018-07-24,6446
2018-07-25,6427
2018-07-26,6216
2018-07-27,5975
2018-07-28,5885
2018-07-29,7125
2018-07-30,6783
2018-07-31,7063
2018-08-01,6318
2018-08-02,5942
2018-08-03,5889
2018-08-04,5767
2018-08-05,6229
2018-08-06,6948
2018-08-07,6824
2018-08-08,7337
2018-08-09,6563
2018-08-10,6054
2018-08-11,5512
2018-08-12,6094
2018-08-13,6233
2018-08-14,6153
2018-08-15,6134
2018-08-16,6121
2018-08-17,5763
2018-08-18,5585
2018-08-19,5869
2018-08-20,6212
2018-08-21,5879
2018-08-22,6485
2018-08-23,6769
2018-08-24,6035
2018-08-25,5452
2018-08-26,5880
2018-08-27,6228
2018-08-28,6553
2018-08-29,6634
2018-08-30,6479
2018-08-31,6624
2018-09-01,5735
2018-09-02,6007
2018-09-03,6446
2018-09-04,6261
2018-09-05,6351
2018-09-06,6449
2018-09-07,6254
2018-09-08,6085
2018-09-09,6213
2018-09-10,6730
2018-09-11,6893
2018-09-12,6988
2018-09-13,7022
2018-09-14,6582
2018-09-15,5831
2018-09-16,6923
2018-09-17,8102
2018-09-18,8372
2018-09-19,7861
2018-09-20,7325
2018-09-21,6766
2018-09-22,7166
2018-09-23,6444
2018-09-24,7653
2018-09-25,7337
2018-09-26,7442
2018-09-27,7096
2018-09-28,6385
2018-09-29,5714
2018-09-30,6127
2018-10-01,6778
2018-10-02,7702
2018-10-03,7480
2018-10-04,7827
2018-10-05,6532
2018-10-06,5934
2018-10-07,6027
2018-10-08,6564
2018-10-09,7175
2018-10-10,7525
2018-10-11,7312
2018-10-12,6411
2018-10-13,5980
2018-10-14,6505
2018-10-15,7954
2018-10-16,7580
2018-10-17,7670
2018-10-18,7790
2018-10-19,6912
2018-10-20,6014
2018-10-21,6654
2018-10-22,7455
2018-10-23,7248
2018-10-24,7164
2018-10-25,7280
2018-10-26,6325
2018-10-27,6774
2018-10-28,6645
2018-10-29,7552
2018-10-30,7478
2018-10-31,6997
2018-11-01,8905
2018-11-02,6951
2018-11-03,6214
2018-11-04,7831
2018-11-05,7435
2018-11-06,8655
2018-11-07,7566
2018-11-08,7739
2018-11-09,7023
2018-11-10,6647
2018-11-11,7060
2018-11-12,8500
2018-11-13,8321
2018-11-14,7903
2018-11-15,7642
2018-11-16,8831
2018-11-17,6737
2018-11-18,6696
2018-11-19,8323
2018-11-20,8138
2018-11-21,7159
2018-11-22,6709
2018-11-23,5969
2018-11-24,6007
2018-11-25,6574
2018-11-26,7139
2018-11-27,7325
2018-11-28,7470
2018-11-29,6996
2018-11-30,6321
2018-12-01,5694
2018-12-02,6391
2018-12-03,7188
2018-12-04,7151
2018-12-05,7084
2018-12-06,7240
2018-12-07,6644
2018-12-08,6041
2018-12-09,6664
2018-12-10,7312
2018-12-11,7237
2018-12-12,6968
2018-12-13,6719
2018-12-14,6420
2018-12-15,5616
2018-12-16,5962
2018-12-17,6473
2018-12-18,6328
2018-12-19,6079
2018-12-20,6580
2018-12-21,5644
2018-12-22,5347
2018-12-23,5656
2018-12-24,5710
2018-12-25,5483
2018-12-26,5746
2018-12-27,5941
2018-12-28,5533
2018-12-29,5592
2018-12-30,6057
2018-12-31,5681
2019-01-01,5756
2019-01-02,6365
2019-01-03,6581
2019-01-04,6089
2019-01-05,5845
2019-01-06,6416
2019-01-07,6697
2019-01-08,7377
2019-01-09,7609
2019-01-10,7065
2019-01-11,6771
2019-01-12,6364
2019-01-13,6743
2019-01-14,7176
2019-01-15,7209
2019-01-16,7497
2019-01-17,7162
2019-01-18,6746
2019-01-19,6181
2019-01-20,6778
2019-01-21,6942
2019-01-22,7253
2019-01-23,7187
2019-01-24,8446
2019-01-25,7059
2019-01-26,5718
2019-01-27,6508
2019-01-28,7023
2019-01-29,6950
2019-01-30,6813
2019-01-31,7462
2019-02-01,6685
2019-02-02,5719
2019-02-03,6346
2019-02-04,11390
2019-02-05,12386
2019-02-06,7025
2019-02-07,7236
2019-02-08,6411
2019-02-09,6053
2019-02-10,6356
2019-02-11,7062
2019-02-12,6738
2019-02-13,6841
2019-02-14,6548
2019-02-15,6148
2019-02-16,5806
2019-02-17,6293
2019-02-18,6696
2019-02-19,7133
2019-02-20,7146
2019-02-21,6814
2019-02-22,6468
2019-02-23,6000
2019-02-24,6409
2019-02-25,6943
2019-02-26,7267
2019-02-27,6905
2019-02-28,6664
2019-03-01,6320
2019-03-02,5861
2019-03-03,6156
2019-03-04,6844
2019-03-05,6972
2019-03-06,7079
2019-03-07,6942
2019-03-08,6356
2019-03-09,5809
2019-03-10,6432
2019-03-11,7030
2019-03-12,6856
2019-03-13,6759
2019-03-14,6716
2019-03-15,5909
2019-03-16,5366
2019-03-17,6429
2019-03-18,6599
2019-03-19,6664
2019-03-20,6673
2019-03-21,6534
2019-03-22,5893
2019-03-23,5345
2019-03-24,5710
2019-03-25,6645
2019-03-26,6530
2019-03-27,6686
2019-03-28,6328
2019-03-29,5931
2019-03-30,5437
2019-03-31,5935
2019-04-01,6300
2019-04-02,6521
2019-04-03,6847
2019-04-04,6791
2019-04-05,6433
2019-04-06,5424
2019-04-07,5974
2019-04-08,6711
2019-04-09,6781
2019-04-10,6338
2019-04-11,6948
2019-04-12,6299
2019-04-13,5396
2019-04-14,6096
2019-04-15,6086
2019-04-16,6098
2019-04-17,5990
2019-04-18,5854
2019-04-19,5750
2019-04-20,5469
2019-04-21,5577
2019-04-22,6020
2019-04-23,6174
2019-04-24,6203
2019-04-25,6264
2019-04-26,5933
2019-04-27,5488
2019-04-28,5826
2019-04-29,6419
2019-04-30,6866
2019-05-01,6209
2019-05-02,6551
2019-05-03,6241
2019-05-04,5435
2019-05-05,5862
2019-05-06,6061
2019-05-07,7011
2019-05-08,6485
2019-05-09,6647
2019-05-10,6178
2019-05-11,5499
2019-05-12,5568
2019-05-13,6256
2019-05-14,6635
2019-05-15,6325
2019-05-16,6498
2019-05-17,7416
2019-05-18,6351
2019-05-19,7506
2019-05-20,7571
2019-05-21,7567
2019-05-22,8260
2019-05-23,6916
2019-05-24,7485
2019-05-25,5805
2019-05-26,5655
2019-05-27,6155
2019-05-28,6975
2019-05-29,6518
2019-05-30,6230
2019-05-31,6013
2019-06-01,5239
2019-06-02,5531
2019-06-03,6303
2019-06-04,6327
2019-06-05,6464
2019-06-06,6279
2019-06-07,5710
2019-06-08,5558
2019-06-09,5580
2019-06-10,6846
2019-06-11,5939
2019-06-12,6351
2019-06-13,6551
2019-06-14,5492
2019-06-15,5386
2019-06-16,5732
2019-06-17,6319
2019-06-18,6950
2019-06-19,6441
2019-06-20,6320
2019-06-21,5921
2019-06-22,5567
2019-06-23,6236
2019-06-24,6750
2019-06-25,6029
2019-06-26,5756
2019-06-27,5735
2019-06-28,5582
2019-06-29,5505
2019-06-30,5891
2019-07-01,6627
2019-07-02,5940
2019-07-03,5787
2019-07-04,5852
2019-07-05,5387
2019-07-06,5450
2019-07-07,5912
2019-07-08,6136
2019-07-09,5899
2019-07-10,5981
2019-07-11,5994
2019-07-12,5933
2019-07-13,5568
2019-07-14,6003
2019-07-15,6550
2019-07-16,7642
2019-07-17,6379
2019-07-18,6474
2019-07-19,8023
2019-07-20,6426
2019-07-21,6461
2019-07-22,6715
2019-07-23,6256
2019-07-24,6381
2019-07-25,6106
2019-07-26,5994
2019-07-27,5633
2019-07-28,5963
2019-07-29,6809
2019-07-30,6759
2019-07-31,6309
2019-08-01,5957
2019-08-02,5476
2019-08-03,5283
2019-08-04,5525
2019-08-05,5739
2019-08-06,5802
2019-08-07,5739
2019-08-08,6207
2019-08-09,6049
2019-08-10,5585
2019-08-11,5636
2019-08-12,9530
2019-08-13,5591
2019-08-14,5690
2019-08-15,5713
2019-08-16,6158
2019-08-17,5617
2019-08-18,6369
2019-08-19,6454
2019-08-20,6743
2019-08-21,7151
2019-08-22,6474
2019-08-23,6030
2019-08-24,5424
2019-08-25,6282
2019-08-26,6436
2019-08-27,6197
2019-08-28,6243
2019-08-29,6142
2019-08-30,5858
2019-08-31,5503
2019-09-01,5564
2019-09-02,6014
2019-09-03,6305
2019-09-04,6210
2019-09-05,6010
2019-09-06,5615
2019-09-07,5461
2019-09-08,5984
2019-09-09,6953
2019-09-10,7010
2019-09-11,7004
2019-09-12,7280
2019-09-13,7350
2019-09-14,6099
2019-09-15,6541
2019-09-16,7320
2019-09-17,6994
2019-09-18,7001
2019-09-19,7236
2019-09-20,6411
2019-09-21,5948
2019-09-22,6585
2019-09-23,7452
2019-09-24,7431
2019-09-25,7223
2019-09-26,6785
2019-09-27,6550
2019-09-28,6156
2019-09-29,6590
2019-09-30,7244
2019-10-01,7334
2019-10-02,7342
2019-10-03,8249
2019-10-04,6913
2019-10-05,6390
2019-10-06,6411
2019-10-07,7218
2019-10-08,6909
2019-10-09,7162
2019-10-10,6777
2019-10-11,6552
2019-10-12,5956
2019-10-13,6849
2019-10-14,6952
2019-10-15,7171
2019-10-16,7495
2019-10-17,7360
2019-10-18,6743
2019-10-19,5884
2019-10-20,6616
2019-10-21,6882
2019-10-22,7306
2019-10-23,6705
2019-10-24,6826
2019-10-25,6659
2019-10-26,5777
2019-10-27,5895
2019-10-28,6849
2019-10-29,6855
2019-10-30,6920
2019-10-31,6175
2019-11-01,5830
2019-11-02,5640
2019-11-03,6291
2019-11-04,6821
2019-11-05,7389
2019-11-06,7122
2019-11-07,7201
2019-11-08,7299
2019-11-09,6122
2019-11-10,6831
2019-11-11,7862
2019-11-12,10680
2019-11-13,10608
2019-11-14,8572
2019-11-15,5881
2019-11-16,5716
2019-11-17,6157
2019-11-18,6710
2019-11-19,6880
2019-11-20,6820
2019-11-21,6590
2019-11-22,6489
2019-11-23,5664
2019-11-24,5909
2019-11-25,6263
2019-11-26,6908
2019-11-27,6447
2019-11-28,5994
2019-11-29,5354
2019-11-30,5436
2019-12-01,5957
2019-12-02,6554
2019-12-03,6854
2019-12-04,6526
2019-12-05,6004
2019-12-06,5820
2019-12-07,5277
2019-12-08,5515
2019-12-09,6678
2019-12-10,5849
2019-12-11,6142
2019-12-12,5796
2019-12-13,5869
2019-12-14,5133
2019-12-15,5728
2019-12-16,6011
2019-12-17,9607
2019-12-18,9348
2019-12-19,6763
2019-12-20,5550
2019-12-21,5739
2019-12-22,9534
2019-12-23,6024
2019-12-24,5520
2019-12-25,5483
2019-12-26,5640
2019-12-27,5710
2019-12-28,5645
2019-12-29,5757
2019-12-30,5922
2019-12-31,5765
2020-01-01,5523
2020-01-02,6420
2020-01-03,5679
2020-01-04,5882
2020-01-05,6142
2020-01-06,6385
2020-01-07,6732
2020-01-08,6898
2020-01-09,6929
2020-01-10,7126
2020-01-11,6406
2020-01-12,6607
2020-01-13,7380
2020-01-14,7878
2020-01-15,7478
2020-01-16,7603
2020-01-17,7918
2020-01-18,6789
2020-01-19,7365
2020-01-20,8508
2020-01-21,8067
2020-01-22,7557
2020-01-23,16461
2020-01-24,21457
2020-01-25,9708
2020-01-26,11534
2020-01-27,12857
2020-01-28,13358
2020-01-29,12673
2020-01-30,12987
2020-01-31,12170
2020-02-01,11705
2020-02-02,12380
2020-02-03,12339
2020-02-04,9965
2020-02-05,9619
2020-02-06,13136
2020-02-07,9493
2020-02-08,6354
2020-02-09,6851
2020-02-10,7461
2020-02-11,7419
2020-02-12,7698
2020-02-13,7248
2020-02-14,6421
2020-02-15,6076
2020-02-16,6553
2020-02-17,12007
2020-02-18,7345
2020-02-19,8609
2020-02-20,7634
2020-02-21,16345
2020-02-22,15626
2020-02-23,8893
2020-02-24,9945
2020-02-25,8397
2020-02-26,7261
2020-02-27,6997
2020-02-28,7016
2020-02-29,6434
2020-03-01,7286
2020-03-02,9085
2020-03-03,13798
2020-03-04,12609
2020-03-05,12325
2020-03-06,12017
2020-03-07,10492
2020-03-08,11246
2020-03-09,12457
2020-03-10,12909
2020-03-11,12243
2020-03-12,9959
2020-03-13,9797
2020-03-14,10202
2020-03-15,6175
2020-03-16,6428
2020-03-17,6148
2020-03-18,6289
2020-03-19,6467
2020-03-20,6641
2020-03-21,6096
2020-03-22,6588
2020-03-23,7264
2020-03-24,7662
2020-03-25,7899
2020-03-26,10658
2020-03-27,15456
2020-03-28,19507
2020-03-29,23239
2020-03-30,21427
2020-03-31,16029
2020-04-01,13720
2020-04-02,11990
2020-04-03,11683
2020-04-04,11173
2020-04-05,11517
2020-04-06,11959
2020-04-07,10475
2020-04-08,9982
2020-04-09,9501
2020-04-10,9302
2020-04-11,9235
2020-04-12,8773
2020-04-13,9630
2020-04-14,9577
2020-04-15,9573
2020-04-16,9730
2020-04-17,9790
2020-04-18,8799
2020-04-19,9067
2020-04-20,10219
2020-04-21,9523
2020-04-22,9888
2020-04-23,9899
2020-04-24,9347
2020-04-25,8550
2020-04-26,8829
2020-04-27,10538
2020-04-28,9718
2020-04-29,9402
2020-04-30,9902
2020-05-01,9086
2020-05-02,8241
2020-05-03,8566
2020-05-04,9183
2020-05-05,9212
2020-05-06,9206
2020-05-07,8910
2020-05-08,8615
2020-05-09,7940
2020-05-10,8305
2020-05-11,8933
2020-05-12,9809
2020-05-13,9475
2020-05-14,9133
2020-05-15,9061
2020-05-16,7909
2020-05-17,7817
2020-05-18,8371
2020-05-19,8347
2020-05-20,8081
2020-05-21,8236
2020-05-22,7590
2020-05-23,7030
2020-05-24,7147
2020-05-25,8110
2020-05-26,8609
2020-05-27,8016
2020-05-28,7725
2020-05-29,7148
2020-05-30,6610
2020-05-31,6748
2020-06-01,7271
2020-06-02,6911
2020-06-03,7807
2020-06-04,9220
2020-06-05,7835
2020-06-06,7269
2020-06-07,7531
2020-06-08,7259
2020-06-09,7203
2020-06-10,7596
2020-06-11,7452
2020-06-12,7435
2020-06-13,7921
2020-06-14,6846
2020-06-15,13391
2020-06-16,7630
2020-06-17,7619
2020-06-18,7878
2020-06-19,10110
2020-06-20,7710
2020-06-21,7287
2020-06-22,7650
2020-06-23,7118
2020-06-24,7162
2020-06-25,6687
2020-06-26,6634
2020-06-27,6626
2020-06-28,6642
2020-06-29,6618
2020-06-30,6773
2020-07-01,6659
2020-07-02,6633
2020-07-03,6809
2020-07-04,6194
2020-07-05,6557
2020-07-06,6747
2020-07-07,6916
2020-07-08,7404
2020-07-09,6780
2020-07-10,8218
2020-07-11,6658
2020-07-12,7057
2020-07-13,6891
2020-07-14,7023
2020-07-15,7136
2020-07-16,7287
2020-07-17,7393
2020-07-18,6795
2020-07-19,6896
2020-07-20,7074
2020-07-21,7315
2020-07-22,7232
2020-07-23,7287
2020-07-24,7135
2020-07-25,7023
2020-07-26,7075
2020-07-27,7669
2020-07-28,7401
2020-07-29,7362
2020-07-30,7056
2020-07-31,6641
2020-08-01,6624
2020-08-02,7110
2020-08-03,7336
2020-08-04,6847
2020-08-05,7422
2020-08-06,8897
2020-08-07,10098
2020-08-08,8656
2020-08-09,7061
2020-08-10,7303
2020-08-11,8032
2020-08-12,7859
2020-08-13,7184
2020-08-14,7520
2020-08-15,6735
2020-08-16,6761
2020-08-17,6992
2020-08-18,7036
2020-08-19,7242
2020-08-20,6962
2020-08-21,7147
2020-08-22,6818
2020-08-23,7168
2020-08-24,7443
2020-08-25,7415
2020-08-26,7391
2020-08-27,7331
2020-08-28,7344
2020-08-29,6944
2020-08-30,7031
2020-08-31,7493
2020-09-01,7465
2020-09-02,7803
2020-09-03,7948
2020-09-04,7614
2020-09-05,6886
2020-09-06,6911
2020-09-07,7447
2020-09-08,7786
2020-09-09,7734
2020-09-10,7757
2020-09-11,8037
2020-09-12,7352
2020-09-13,7025
2020-09-14,7923
2020-09-15,8317
2020-09-16,8081
2020-09-17,8325
2020-09-18,8479
2020-09-19,7267
2020-09-20,8126
2020-09-21,8384
2020-09-22,8596
2020-09-23,8464
2020-09-24,8383
2020-09-25,8270
2020-09-26,7269
2020-09-27,7404
2020-09-28,7846
2020-09-29,8230
2020-09-30,8062
2020-10-01,7848
2020-10-02,7431
2020-10-03,7399
2020-10-04,7536
2020-10-05,8174
2020-10-06,9154
2020-10-07,9592
2020-10-08,8784
2020-10-09,8120
2020-10-10,7018
2020-10-11,7358
2020-10-12,7718
2020-10-13,8482
2020-10-14,8380
2020-10-15,8749
2020-10-16,8246
2020-10-17,7573
2020-10-18,8542
2020-10-19,9234
2020-10-20,8878
2020-10-21,8668
2020-10-22,8800
2020-10-23,8910
2020-10-24,7919
2020-10-25,8009
2020-10-26,8693
2020-10-27,9156
2020-10-28,8729
2020-10-29,8968
2020-10-30,8355
2020-10-31,7251
2020-11-01,7475
2020-11-02,8486
2020-11-03,8707
2020-11-04,7933
2020-11-05,8519
2020-11-06,8293
2020-11-07,7569
2020-11-08,7895
2020-11-09,9222
2020-11-10,9369
2020-11-11,9413
2020-11-12,9464
2020-11-13,8363
2020-11-14,8450
2020-11-15,8600
2020-11-16,9210
2020-11-17,9331
2020-11-18,9441
2020-11-19,9630
2020-11-20,11520
2020-11-21,13156
2020-11-22,11111
2020-11-23,9091
2020-11-24,13843
2020-11-25,12985
2020-11-26,14466
2020-11-27,14861
2020-11-28,14423
2020-11-29,14399
2020-11-30,15563
2020-12-01,15433
2020-12-02,15791
2020-12-03,17048
2020-12-04,16659
2020-12-05,10050
2020-12-06,15438
2020-12-07,16206
2020-12-08,13163
2020-12-09,15932
2020-12-10,14155
2020-12-11,14867
2020-12-12,9626
2020-12-13,7717
2020-12-14,8792
2020-12-15,11523
2020-12-16,11420
2020-12-17,15681
2020-12-18,8385
2020-12-19,7527
2020-12-20,7630
2020-12-21,7528
2020-12-22,7663
2020-12-23,7416
2020-12-24,6751
2020-12-25,6882
2020-12-26,12916
2020-12-27,13417
2020-12-28,13223
2020-12-29,9089
2020-12-30,7715
2020-12-31,7355
2021-01-01,7703
2021-01-02,7661
2021-01-03,7727
2021-01-04,8087
2021-01-05,8540
2021-01-06,12006
2021-01-07,18912
2021-01-08,15866
2021-01-09,8023
2021-01-10,8373
2021-01-11,9104
2021-01-12,22095
2021-01-13,19105
2021-01-14,11076
2021-01-15,17734
2021-01-16,17637
2021-01-17,8307
2021-01-18,10261
2021-01-19,13200
2021-01-20,16584
2021-01-21,15869
2021-01-22,15268
2021-01-23,17542
2021-01-24,13347
2021-01-25,16194
2021-01-26,19303
2021-01-27,14827
2021-01-28,19185
2021-01-29,13097
2021-01-30,20076
2021-01-31,19739
2021-02-01,17675
2021-02-02,17948
2021-02-03,20618
2021-02-04,25001
2021-02-05,22725
2021-02-06,18438
2021-02-07,22270
2021-02-08,18135
2021-02-09,21558
2021-02-10,15984
2021-02-11,16108
2021-02-12,19016
2021-02-13,21553
2021-02-14,19552
2021-02-15,20808
2021-02-16,21168
2021-02-17,19763
2021-02-18,20164
2021-02-19,16430
2021-02-20,13578
2021-02-21,15335
2021-02-22,15162
2021-02-23,13692
2021-02-24,16398
2021-02-25,14954
2021-02-26,22172
2021-02-27,13999
2021-02-28,25857
2021-03-01,21096
2021-03-02,22617
2021-03-03,25789
2021-03-04,24842
2021-03-05,24421
2021-03-06,22336
2021-03-07,21890
2021-03-08,23182
2021-03-09,23552
2021-03-10,23124
2021-03-11,21389
2021-03-12,21729
2021-03-13,16220
2021-03-14,17506
2021-03-15,18047
2021-03-16,19819
2021-03-17,22916
2021-03-18,21850
2021-03-19,21208
2021-03-20,15295
2021-03-21,21230
2021-03-22,29277
2021-03-23,25174
2021-03-24,22228
2021-03-25,30118
2021-03-26,28142
2021-03-27,22895
2021-03-28,26482
2021-03-29,24309
2021-03-30,26906
2021-03-31,27743
2021-04-01,27221
2021-04-02,11439
2021-04-03,14231
2021-04-04,13750
2021-04-05,18066
2021-04-06,23235
2021-04-07,17540
2021-04-08,24607
2021-04-09,28335
2021-04-10,23059
2021-04-11,22879
2021-04-12,23346
2021-04-13,17108
2021-04-14,16312
2021-04-15,20399
2021-04-16,26388
2021-04-17,23317
2021-04-18,22506
2021-04-19,23250
2021-04-20,25181
2021-04-21,25631
2021-04-22,22061
2021-04-23,20462
2021-04-24,21776
2021-04-25,23661
2021-04-26,17139
2021-04-27,16726
2021-04-28,17242
2021-04-29,14661
2021-04-30,8492
2021-05-01,7394
2021-05-02,12346
2021-05-03,12250
2021-05-04,11726
2021-05-05,15073
2021-05-06,21245
2021-05-07,17866
2021-05-08,24367
2021-05-09,24280
2021-05-10,24607
2021-05-11,20614
2021-05-12,18286
2021-05-13,24365
2021-05-14,17084
2021-05-15,21746
2021-05-16,20237
2021-05-17,17261
2021-05-18,25703
2021-05-19,17104
2021-05-20,14990
2021-05-21,17479
2021-05-22,18721
2021-05-23,19226
2021-05-24,19138
2021-05-25,15550
2021-05-26,19615
2021-05-27,27290
2021-05-28,22880
2021-05-29,22363
2021-05-30,22534
2021-05-31,23386
2021-06-01,24899
2021-06-02,23614
2021-06-03,27213
2021-06-04,23862
2021-06-05,18320
2021-06-06,21371
2021-06-07,21281
2021-06-08,23163
2021-06-09,21598
2021-06-10,9509
2021-06-11,8161
2021-06-12,7473
2021-06-13,7559
2021-06-14,8224
2021-06-15,26982
2021-06-16,20893
2021-06-17,26850
2021-06-18,23065
2021-06-19,22184
2021-06-20,25704
2021-06-21,21966
2021-06-22,25345
2021-06-23,26249
2021-06-24,21386
2021-06-25,27736
2021-06-26,29813
2021-06-27,29631
2021-06-28,27438
2021-06-29,28307
2021-06-30,24394
2021-07-01,27259
2021-07-02,24965
2021-07-03,26812
2021-07-04,27374
2021-07-05,21967
2021-07-06,24272
2021-07-07,24860
2021-07-08,19101
2021-07-09,25799
2021-07-10,24142
2021-07-11,25125
2021-07-12,25311
2021-07-13,27376
2021-07-14,27135
2021-07-15,30363
2021-07-16,27179
2021-07-17,27642
2021-07-18,26490
2021-07-19,23842
2021-07-20,28540
2021-07-21,24611
2021-07-22,20261
2021-07-23,31367
2021-07-24,24659
2021-07-25,24425
2021-07-26,18057
2021-07-27,26739
2021-07-28,15913
2021-07-29,34149
2021-07-30,15910
2021-07-31,22784
2021-08-01,19906
2021-08-02,21380
2021-08-03,23244
2021-08-04,20516
2021-08-05,16254
2021-08-06,21064
2021-08-07,22417
2021-08-08,27366
2021-08-09,19137
2021-08-10,15687
2021-08-11,27777
2021-08-12,26406
2021-08-13,29185
2021-08-14,24252
2021-08-15,29362
2021-08-16,24815
2021-08-17,30537
2021-08-18,27205
2021-08-19,25081
2021-08-20,27864
2021-08-21,32698
2021-08-22,31279
2021-08-23,30255
2021-08-24,25100
2021-08-25,21680
2021-08-26,15833
2021-08-27,24077
2021-08-28,20391
2021-08-29,19024
2021-08-30,14203
2021-08-31,26510
2021-09-01,23733
2021-09-02,32157
2021-09-03,23342
2021-09-04,24932
2021-09-05,29612
2021-09-06,29203
2021-09-07,31441
2021-09-08,22547
2021-09-09,26937
2021-09-10,32232
2021-09-11,7684
2021-09-12,8009
2021-09-13,9157
2021-09-14,16266
2021-09-15,27539
2021-09-16,31795
2021-09-17,24473
2021-09-18,23991
2021-09-19,21223
2021-09-20,17415
2021-09-21,26862
2021-09-22,25505
2021-09-23,32543
2021-09-24,26378
2021-09-25,32521
2021-09-26,31076
2021-09-27,24064
2021-09-28,27853
2021-09-29,26004
2021-09-30,36857
2021-10-01,25425
2021-10-02,21836
2021-10-03,23791
2021-10-04,19165
2021-10-05,28778
2021-10-06,20614
2021-10-07,27758
2021-10-08,23830
2021-10-09,28170
2021-10-10,29291
2021-10-11,23699
2021-10-12,21427
2021-10-13,22875
2021-10-14,22462
2021-10-15,19901
2021-10-16,22110
2021-10-17,22020
2021-10-18,21073
2021-10-19,17286
2021-10-20,18588
2021-10-21,9596
2021-10-22,8056
2021-10-23,7390
2021-10-24,7920
2021-10-25,9132
2021-10-26,11972
2021-10-27,13108
2021-10-28,25992
2021-10-29,18843
2021-10-30,19190
2021-10-31,19631
2021-11-01,16862
2021-11-02,21268
2021-11-03,28197
2021-11-04,23526
2021-11-05,13309
2021-11-06,11530
2021-11-07,12811
2021-11-08,11354
2021-11-09,11989
2021-11-10,15629
2021-11-11,10694
2021-11-12,16403
2021-11-13,14515
2021-11-14,13541
2021-11-15,11520
2021-11-16,12362
2021-11-17,10552
2021-11-18,16149
2021-11-19,12427
2021-11-20,10232
2021-11-21,9210
2021-11-22,9043
2021-11-23,12335
2021-11-24,10555
2021-11-25,13766
2021-11-26,15965
2021-11-27,14343
2021-11-28,13769
2021-11-29,14385
2021-11-30,18906
2021-12-01,19268
2021-12-02,20686
2021-12-03,22302
2021-12-04,17933
2021-12-05,20557
2021-12-06,16522
2021-12-07,14618
2021-12-08,20899
2021-12-09,24268
2021-12-10,27177
2021-12-11,21239
2021-12-12,26231
2021-12-13,23026
2021-12-14,19399
2021-12-15,20425
2021-12-16,19371
2021-12-17,17529
2021-12-18,17557
2021-12-19,17626
2021-12-20,12555
2021-12-21,11258
2021-12-22,13175
2021-12-23,25750
2021-12-24,21963
2021-12-25,17627
2021-12-26,21700
2021-12-27,17379
2021-12-28,22553
2021-12-29,23001
2021-12-30,18448
2021-12-31,22252
2022-01-01,21200
2022-01-02,23805
2022-01-03,18892
2022-01-04,19049
2022-01-05,20501
2022-01-06,16810
